name,id,height,weight,is_default
bulbasaur,1,7,69,True
ivysaur,2,10,130,True
venusaur,3,20,1000,True
charmander,4,6,85,True
charmeleon,5,11,190,True
charizard,6,17,905,True
squirtle,7,5,90,True
wartortle,8,10,225,True
blastoise,9,16,855,True
caterpie,10,3,29,True
metapod,11,7,99,True
butterfree,12,11,320,True
weedle,13,3,32,True
kakuna,14,6,100,True
beedrill,15,10,295,True
pidgey,16,3,18,True
pidgeotto,17,11,300,True
pidgeot,18,15,395,True
rattata,19,3,35,True
raticate,20,7,185,True
ampharos,181,14,615,True
bellossom,182,4,58,True
marill,183,4,85,True
azumarill,184,8,285,True
sudowoodo,185,12,380,True
politoed,186,11,339,True
hoppip,187,4,5,True
skiploom,188,6,10,True
jumpluff,189,8,30,True
aipom,190,8,115,True
sunkern,191,3,18,True
sunflora,192,8,85,True
yanma,193,12,380,True
wooper,194,4,85,True
quagsire,195,14,750,True
espeon,196,9,265,True
umbreon,197,10,270,True
murkrow,198,5,21,True
slowking,199,20,795,True
misdreavus,200,7,10,True
unown,201,5,50,True
wobbuffet,202,13,285,True
girafarig,203,15,415,True
pineco,204,6,72,True
forretress,205,12,1258,True
dunsparce,206,15,140,True
gligar,207,11,648,True
steelix,208,92,4000,True
snubbull,209,6,78,True
granbull,210,14,487,True
qwilfish,211,5,39,True
scizor,212,18,1180,True
shuckle,213,6,205,True
heracross,214,15,540,True
sneasel,215,9,280,True
teddiursa,216,6,88,True
ursaring,217,18,1258,True
slugma,218,7,350,True
magcargo,219,8,550,True
swinub,220,4,65,True
piloswine,221,11,558,True
corsola,222,6,50,True
remoraid,223,6,120,True
octillery,224,9,285,True
delibird,225,9,160,True
mantine,226,21,2200,True
skarmory,227,17,505,True
houndour,228,6,108,True
houndoom,229,14,350,True
kingdra,230,18,1520,True
phanpy,231,5,335,True
donphan,232,11,1200,True
porygon2,233,6,325,True
stantler,234,14,712,True
smeargle,235,12,580,True
tyrogue,236,7,210,True
hitmontop,237,14,480,True
smoochum,238,4,60,True
elekid,239,6,235,True
magby,240,7,214,True
miltank,241,12,755,True
blissey,242,15,468,True
raikou,243,19,1780,True
entei,244,21,1980,True
suicune,245,20,1870,True
larvitar,246,6,720,True
pupitar,247,12,1520,True
tyranitar,248,20,2020,True
lugia,249,52,2160,True
ho-oh,250,38,1990,True
celebi,251,6,50,True
treecko,252,5,50,True
grovyle,253,9,216,True
sceptile,254,17,522,True
torchic,255,4,25,True
combusken,256,9,195,True
blaziken,257,19,520,True
mudkip,258,4,76,True
marshtomp,259,7,280,True
swampert,260,15,819,True
poochyena,261,5,136,True
mightyena,262,10,370,True
zigzagoon,263,4,175,True
linoone,264,5,325,True
wurmple,265,3,36,True
silcoon,266,6,100,True
beautifly,267,10,284,True
cascoon,268,7,115,True
dustox,269,12,316,True
lotad,270,5,26,True
lombre,271,12,325,True
ludicolo,272,15,550,True
seedot,273,5,40,True
nuzleaf,274,10,280,True
shiftry,275,13,596,True
taillow,276,3,23,True
swellow,277,7,198,True
wingull,278,6,95,True
pelipper,279,12,280,True
ralts,280,4,66,True
kirlia,281,8,202,True
gardevoir,282,16,484,True
surskit,283,5,17,True
masquerain,284,8,36,True
shroomish,285,4,45,True
breloom,286,12,392,True
slakoth,287,8,240,True
vigoroth,288,14,465,True
slaking,289,20,1305,True
nincada,290,5,55,True
ninjask,291,8,120,True
shedinja,292,8,12,True
whismur,293,6,163,True
loudred,294,10,405,True
exploud,295,15,840,True
makuhita,296,10,864,True
hariyama,297,23,2538,True
azurill,298,2,20,True
nosepass,299,10,970,True
skitty,300,6,110,True
delcatty,301,11,326,True
sableye,302,5,110,True
mawile,303,6,115,True
aron,304,4,600,True
lairon,305,9,1200,True
aggron,306,21,3600,True
meditite,307,6,112,True
medicham,308,13,315,True
electrike,309,6,152,True
manectric,310,15,402,True
plusle,311,4,42,True
minun,312,4,42,True
volbeat,313,7,177,True
illumise,314,6,177,True
roselia,315,3,20,True
gulpin,316,4,103,True
swalot,317,17,800,True
carvanha,318,8,208,True
sharpedo,319,18,888,True
wailmer,320,20,1300,True
wailord,321,145,3980,True
numel,322,7,240,True
camerupt,323,19,2200,True
torkoal,324,5,804,True
spoink,325,7,306,True
grumpig,326,9,715,True
spinda,327,11,50,True
trapinch,328,7,150,True
vibrava,329,11,153,True
flygon,330,20,820,True
cacnea,331,4,513,True
cacturne,332,13,774,True
swablu,333,4,12,True
altaria,334,11,206,True
zangoose,335,13,403,True
seviper,336,27,525,True
lunatone,337,10,1680,True
solrock,338,12,1540,True
barboach,339,4,19,True
whiscash,340,9,236,True
corphish,341,6,115,True
crawdaunt,342,11,328,True
baltoy,343,5,215,True
claydol,344,15,1080,True
lileep,345,10,238,True
cradily,346,15,604,True
anorith,347,7,125,True
armaldo,348,15,682,True
feebas,349,6,74,True
milotic,350,62,1620,True
castform,351,3,8,True
kecleon,352,10,220,True
shuppet,353,6,23,True
banette,354,11,125,True
duskull,355,8,150,True
dusclops,356,16,306,True
tropius,357,20,1000,True
chimecho,358,6,10,True
absol,359,12,470,True
wynaut,360,6,140,True
snorunt,361,7,168,True
glalie,362,15,2565,True
spheal,363,8,395,True
sealeo,364,11,876,True
walrein,365,14,1506,True
clamperl,366,4,525,True
huntail,367,17,270,True
gorebyss,368,18,226,True
relicanth,369,10,234,True
luvdisc,370,6,87,True
bagon,371,6,421,True
shelgon,372,11,1105,True
salamence,373,15,1026,True
beldum,374,6,952,True
metang,375,12,2025,True
metagross,376,16,5500,True
regirock,377,17,2300,True
regice,378,18,1750,True
registeel,379,19,2050,True
latias,380,14,400,True
spearow,21,3,20,True
fearow,22,12,380,True
ekans,23,20,69,True
arbok,24,35,650,True
pikachu,25,4,60,True
raichu,26,8,300,True
sandshrew,27,6,120,True
sandslash,28,10,295,True
nidoran-f,29,4,70,True
nidorina,30,8,200,True
nidoqueen,31,13,600,True
nidoran-m,32,5,90,True
nidorino,33,9,195,True
nidoking,34,14,620,True
clefairy,35,6,75,True
clefable,36,13,400,True
vulpix,37,6,99,True
ninetales,38,11,199,True
jigglypuff,39,5,55,True
wigglytuff,40,10,120,True
latios,381,20,600,True
kyogre,382,45,3520,True
groudon,383,35,9500,True
rayquaza,384,70,2065,True
jirachi,385,3,11,True
deoxys-normal,386,17,608,True
turtwig,387,4,102,True
grotle,388,11,970,True
torterra,389,22,3100,True
chimchar,390,5,62,True
monferno,391,9,220,True
infernape,392,12,550,True
piplup,393,4,52,True
prinplup,394,8,230,True
empoleon,395,17,845,True
starly,396,3,20,True
staravia,397,6,155,True
staraptor,398,12,249,True
bidoof,399,5,200,True
bibarel,400,10,315,True
kricketot,401,3,22,True
kricketune,402,10,255,True
shinx,403,5,95,True
luxio,404,9,305,True
luxray,405,14,420,True
budew,406,2,12,True
roserade,407,9,145,True
cranidos,408,9,315,True
rampardos,409,16,1025,True
shieldon,410,5,570,True
bastiodon,411,13,1495,True
burmy,412,2,34,True
wormadam-plant,413,5,65,True
mothim,414,9,233,True
combee,415,3,55,True
vespiquen,416,12,385,True
pachirisu,417,4,39,True
buizel,418,7,295,True
floatzel,419,11,335,True
cherubi,420,4,33,True
cherrim,421,5,93,True
shellos,422,3,63,True
gastrodon,423,9,299,True
ambipom,424,12,203,True
drifloon,425,4,12,True
drifblim,426,12,150,True
buneary,427,4,55,True
lopunny,428,12,333,True
mismagius,429,9,44,True
honchkrow,430,9,273,True
glameow,431,5,39,True
purugly,432,10,438,True
chingling,433,2,6,True
stunky,434,4,192,True
skuntank,435,10,380,True
bronzor,436,5,605,True
bronzong,437,13,1870,True
bonsly,438,5,150,True
mime-jr,439,6,130,True
happiny,440,6,244,True
chatot,441,5,19,True
spiritomb,442,10,1080,True
gible,443,7,205,True
gabite,444,14,560,True
garchomp,445,19,950,True
munchlax,446,6,1050,True
riolu,447,7,202,True
lucario,448,12,540,True
hippopotas,449,8,495,True
hippowdon,450,20,3000,True
skorupi,451,8,120,True
drapion,452,13,615,True
croagunk,453,7,230,True
toxicroak,454,13,444,True
carnivine,455,14,270,True
finneon,456,4,70,True
lumineon,457,12,240,True
mantyke,458,10,650,True
snover,459,10,505,True
abomasnow,460,22,1355,True
weavile,461,11,340,True
magnezone,462,12,1800,True
lickilicky,463,17,1400,True
rhyperior,464,24,2828,True
tangrowth,465,20,1286,True
electivire,466,18,1386,True
magmortar,467,16,680,True
togekiss,468,15,380,True
yanmega,469,19,515,True
leafeon,470,10,255,True
glaceon,471,8,259,True
gliscor,472,20,425,True
mamoswine,473,25,2910,True
porygon-z,474,9,340,True
gallade,475,16,520,True
probopass,476,14,3400,True
dusknoir,477,22,1066,True
froslass,478,13,266,True
rotom,479,3,3,True
uxie,480,3,3,True
mesprit,481,3,3,True
azelf,482,3,3,True
dialga,483,54,6830,True
palkia,484,42,3360,True
heatran,485,17,4300,True
regigigas,486,37,4200,True
giratina-altered,487,45,7500,True
cresselia,488,15,856,True
phione,489,4,31,True
manaphy,490,3,14,True
darkrai,491,15,505,True
shaymin-land,492,2,21,True
arceus,493,32,3200,True
victini,494,4,40,True
snivy,495,6,81,True
servine,496,8,160,True
serperior,497,33,630,True
tepig,498,5,99,True
pignite,499,10,555,True
emboar,500,16,1500,True
oshawott,501,5,59,True
dewott,502,8,245,True
samurott,503,15,946,True
patrat,504,5,116,True
watchog,505,11,270,True
lillipup,506,4,41,True
herdier,507,9,147,True
stoutland,508,12,610,True
purrloin,509,4,101,True
liepard,510,11,375,True
pansage,511,6,105,True
simisage,512,11,305,True
pansear,513,6,110,True
simisear,514,10,280,True
panpour,515,6,135,True
simipour,516,10,290,True
munna,517,6,233,True
musharna,518,11,605,True
pidove,519,3,21,True
tranquill,520,6,150,True
unfezant,521,12,290,True
blitzle,522,8,298,True
zebstrika,523,16,795,True
roggenrola,524,4,180,True
boldore,525,9,1020,True
gigalith,526,17,2600,True
woobat,527,4,21,True
swoobat,528,9,105,True
drilbur,529,3,85,True
excadrill,530,7,404,True
audino,531,11,310,True
timburr,532,6,125,True
gurdurr,533,12,400,True
conkeldurr,534,14,870,True
tympole,535,5,45,True
palpitoad,536,8,170,True
seismitoad,537,15,620,True
throh,538,13,555,True
sawk,539,14,510,True
sewaddle,540,3,25,True
swadloon,541,5,73,True
leavanny,542,12,205,True
venipede,543,4,53,True
whirlipede,544,12,585,True
scolipede,545,25,2005,True
cottonee,546,3,6,True
whimsicott,547,7,66,True
petilil,548,5,66,True
lilligant,549,11,163,True
basculin-red-striped,550,10,180,True
sandile,551,7,152,True
krokorok,552,10,334,True
krookodile,553,15,963,True
darumaka,554,6,375,True
darmanitan-standard,555,13,929,True
maractus,556,10,280,True
dwebble,557,3,145,True
crustle,558,14,2000,True
scraggy,559,6,118,True
scrafty,560,11,300,True
sigilyph,561,14,140,True
yamask,562,5,15,True
cofagrigus,563,17,765,True
tirtouga,564,7,165,True
carracosta,565,12,810,True
archen,566,5,95,True
archeops,567,14,320,True
trubbish,568,6,310,True
garbodor,569,19,1073,True
zorua,570,7,125,True
zoroark,571,16,811,True
minccino,572,4,58,True
cinccino,573,5,75,True
gothita,574,4,58,True
gothorita,575,7,180,True
gothitelle,576,15,440,True
solosis,577,3,10,True
duosion,578,6,80,True
reuniclus,579,10,201,True
ducklett,580,5,55,True
zubat,41,8,75,True
golbat,42,16,550,True
oddish,43,5,54,True
gloom,44,8,86,True
vileplume,45,12,186,True
paras,46,3,54,True
parasect,47,10,295,True
venonat,48,10,300,True
venomoth,49,15,125,True
diglett,50,2,8,True
dugtrio,51,7,333,True
meowth,52,4,42,True
persian,53,10,320,True
psyduck,54,8,196,True
golduck,55,17,766,True
mankey,56,5,280,True
primeape,57,10,320,True
growlithe,58,7,190,True
arcanine,59,19,1550,True
poliwag,60,6,124,True
swanna,581,13,242,True
vanillite,582,4,57,True
vanillish,583,11,410,True
vanilluxe,584,13,575,True
deerling,585,6,195,True
sawsbuck,586,19,925,True
emolga,587,4,50,True
karrablast,588,5,59,True
escavalier,589,10,330,True
foongus,590,2,10,True
amoonguss,591,6,105,True
frillish,592,12,330,True
jellicent,593,22,1350,True
alomomola,594,12,316,True
joltik,595,1,6,True
galvantula,596,8,143,True
ferroseed,597,6,188,True
ferrothorn,598,10,1100,True
klink,599,3,210,True
klang,600,6,510,True
klinklang,601,6,810,True
tynamo,602,2,3,True
eelektrik,603,12,220,True
eelektross,604,21,805,True
elgyem,605,5,90,True
beheeyem,606,10,345,True
litwick,607,3,31,True
lampent,608,6,130,True
chandelure,609,10,343,True
axew,610,6,180,True
fraxure,611,10,360,True
haxorus,612,18,1055,True
cubchoo,613,5,85,True
beartic,614,26,2600,True
cryogonal,615,11,1480,True
shelmet,616,4,77,True
accelgor,617,8,253,True
stunfisk,618,7,110,True
mienfoo,619,9,200,True
mienshao,620,14,355,True
druddigon,621,16,1390,True
golett,622,10,920,True
golurk,623,28,3300,True
pawniard,624,5,102,True
bisharp,625,16,700,True
bouffalant,626,16,946,True
rufflet,627,5,105,True
braviary,628,15,410,True
vullaby,629,5,90,True
mandibuzz,630,12,395,True
heatmor,631,14,580,True
durant,632,3,330,True
deino,633,8,173,True
zweilous,634,14,500,True
hydreigon,635,18,1600,True
larvesta,636,11,288,True
volcarona,637,16,460,True
cobalion,638,21,2500,True
terrakion,639,19,2600,True
virizion,640,20,2000,True
tornadus-incarnate,641,15,630,True
thundurus-incarnate,642,15,610,True
reshiram,643,32,3300,True
zekrom,644,29,3450,True
landorus-incarnate,645,15,680,True
kyurem,646,30,3250,True
keldeo-ordinary,647,14,485,True
meloetta-aria,648,6,65,True
genesect,649,15,825,True
chespin,650,4,90,True
quilladin,651,7,290,True
chesnaught,652,16,900,True
fennekin,653,4,94,True
braixen,654,10,145,True
delphox,655,15,390,True
froakie,656,3,70,True
frogadier,657,6,109,True
greninja,658,15,400,True
bunnelby,659,4,50,True
diggersby,660,10,424,True
fletchling,661,3,17,True
fletchinder,662,7,160,True
talonflame,663,12,245,True
scatterbug,664,3,25,True
spewpa,665,3,84,True
vivillon,666,12,170,True
litleo,667,6,135,True
pyroar,668,15,815,True
flabebe,669,1,1,True
floette,670,2,9,True
florges,671,11,100,True
skiddo,672,9,310,True
gogoat,673,17,910,True
pancham,674,6,80,True
pangoro,675,21,1360,True
furfrou,676,12,280,True
espurr,677,3,35,True
meowstic-male,678,6,85,True
honedge,679,8,20,True
doublade,680,8,45,True
aegislash-shield,681,17,530,True
spritzee,682,2,5,True
aromatisse,683,8,155,True
swirlix,684,4,35,True
slurpuff,685,8,50,True
inkay,686,4,35,True
malamar,687,15,470,True
binacle,688,5,310,True
barbaracle,689,13,960,True
skrelp,690,5,73,True
dragalge,691,18,815,True
clauncher,692,5,83,True
clawitzer,693,13,353,True
helioptile,694,5,60,True
heliolisk,695,10,210,True
tyrunt,696,8,260,True
tyrantrum,697,25,2700,True
amaura,698,13,252,True
aurorus,699,27,2250,True
sylveon,700,10,235,True
hawlucha,701,8,215,True
dedenne,702,2,22,True
carbink,703,3,57,True
goomy,704,3,28,True
sliggoo,705,8,175,True
goodra,706,20,1505,True
klefki,707,2,30,True
phantump,708,4,70,True
trevenant,709,15,710,True
pumpkaboo-average,710,4,50,True
gourgeist-average,711,9,125,True
bergmite,712,10,995,True
avalugg,713,20,5050,True
noibat,714,5,80,True
noivern,715,15,850,True
xerneas,716,30,2150,True
yveltal,717,58,2030,True
zygarde-50,718,50,3050,True
diancie,719,7,88,True
hoopa,720,5,90,True
volcanion,721,17,1950,True
rowlet,722,3,15,True
dartrix,723,7,160,True
decidueye,724,16,366,True
litten,725,4,43,True
torracat,726,7,250,True
incineroar,727,18,830,True
popplio,728,4,75,True
brionne,729,6,175,True
primarina,730,18,440,True
pikipek,731,3,12,True
trumbeak,732,6,148,True
toucannon,733,11,260,True
yungoos,734,4,60,True
gumshoos,735,7,142,True
grubbin,736,4,44,True
charjabug,737,5,105,True
vikavolt,738,15,450,True
crabrawler,739,6,70,True
crabominable,740,17,1800,True
oricorio-baile,741,6,34,True
cutiefly,742,1,2,True
ribombee,743,2,5,True
rockruff,744,5,92,True
lycanroc-midday,745,8,250,True
wishiwashi-solo,746,2,3,True
mareanie,747,4,80,True
toxapex,748,7,145,True
mudbray,749,10,1100,True
mudsdale,750,25,9200,True
dewpider,751,3,40,True
araquanid,752,18,820,True
fomantis,753,3,15,True
lurantis,754,9,185,True
morelull,755,2,15,True
shiinotic,756,10,115,True
salandit,757,6,48,True
salazzle,758,12,222,True
stufful,759,5,68,True
bewear,760,21,1350,True
bounsweet,761,3,32,True
steenee,762,7,82,True
tsareena,763,12,214,True
comfey,764,1,3,True
oranguru,765,15,760,True
passimian,766,20,828,True
wimpod,767,5,120,True
golisopod,768,20,1080,True
sandygast,769,5,700,True
palossand,770,13,2500,True
pyukumuku,771,3,12,True
type-null,772,19,1205,True
silvally,773,23,1005,True
minior-red-meteor,774,3,400,True
komala,775,4,199,True
turtonator,776,20,2120,True
togedemaru,777,3,33,True
mimikyu-disguised,778,2,7,True
bruxish,779,9,190,True
drampa,780,30,1850,True
poliwhirl,61,10,200,True
poliwrath,62,13,540,True
abra,63,9,195,True
kadabra,64,13,565,True
alakazam,65,15,480,True
machop,66,8,195,True
machoke,67,15,705,True
machamp,68,16,1300,True
bellsprout,69,7,40,True
weepinbell,70,10,64,True
victreebel,71,17,155,True
tentacool,72,9,455,True
tentacruel,73,16,550,True
geodude,74,4,200,True
graveler,75,10,1050,True
golem,76,14,3000,True
ponyta,77,10,300,True
rapidash,78,17,950,True
slowpoke,79,12,360,True
slowbro,80,16,785,True
dhelmise,781,39,2100,True
jangmo-o,782,6,297,True
hakamo-o,783,12,470,True
kommo-o,784,16,782,True
tapu-koko,785,18,205,True
tapu-lele,786,12,186,True
tapu-bulu,787,19,455,True
tapu-fini,788,13,212,True
cosmog,789,2,1,True
cosmoem,790,1,9999,True
solgaleo,791,34,2300,True
lunala,792,40,1200,True
nihilego,793,12,555,True
buzzwole,794,24,3336,True
pheromosa,795,18,250,True
xurkitree,796,38,1000,True
celesteela,797,92,9999,True
kartana,798,3,1,True
guzzlord,799,55,8880,True
necrozma,800,24,2300,True
magearna,801,10,805,True
marshadow,802,7,222,True
poipole,803,6,18,True
naganadel,804,36,1500,True
stakataka,805,55,8200,True
blacephalon,806,18,130,True
zeraora,807,15,445,True
meltan,808,2,80,True
melmetal,809,25,8000,True
grookey,810,3,50,True
thwackey,811,7,140,True
rillaboom,812,21,900,True
scorbunny,813,3,45,True
raboot,814,6,90,True
cinderace,815,14,330,True
sobble,816,3,40,True
drizzile,817,7,115,True
inteleon,818,19,452,True
skwovet,819,3,25,True
greedent,820,6,60,True
rookidee,821,2,18,True
corvisquire,822,8,160,True
corviknight,823,22,750,True
blipbug,824,4,80,True
dottler,825,4,195,True
orbeetle,826,4,408,True
nickit,827,6,89,True
thievul,828,12,199,True
gossifleur,829,4,22,True
eldegoss,830,5,25,True
wooloo,831,6,60,True
dubwool,832,13,430,True
chewtle,833,3,85,True
drednaw,834,10,1155,True
yamper,835,3,135,True
boltund,836,10,340,True
rolycoly,837,3,120,True
carkol,838,11,780,True
coalossal,839,28,3105,True
applin,840,2,5,True
flapple,841,3,10,True
appletun,842,4,130,True
silicobra,843,22,76,True
sandaconda,844,38,655,True
cramorant,845,8,180,True
arrokuda,846,5,10,True
barraskewda,847,13,300,True
toxel,848,4,110,True
toxtricity-amped,849,16,400,True
sizzlipede,850,7,10,True
centiskorch,851,30,1200,True
clobbopus,852,6,40,True
grapploct,853,16,390,True
sinistea,854,1,2,True
polteageist,855,2,4,True
hatenna,856,4,34,True
hattrem,857,6,48,True
hatterene,858,21,51,True
impidimp,859,4,55,True
morgrem,860,8,125,True
grimmsnarl,861,15,610,True
obstagoon,862,16,460,True
perrserker,863,8,280,True
cursola,864,10,4,True
sirfetchd,865,8,1170,True
mr-rime,866,15,582,True
runerigus,867,16,666,True
milcery,868,2,3,True
alcremie,869,3,5,True
falinks,870,30,620,True
pincurchin,871,3,10,True
snom,872,3,38,True
frosmoth,873,13,420,True
stonjourner,874,25,5200,True
eiscue-ice,875,14,890,True
indeedee-male,876,9,280,True
morpeko-full-belly,877,3,30,True
cufant,878,12,1000,True
copperajah,879,30,6500,True
dracozolt,880,18,1900,True
arctozolt,881,23,1500,True
dracovish,882,23,2150,True
arctovish,883,20,1750,True
duraludon,884,18,400,True
dreepy,885,5,20,True
drakloak,886,14,110,True
dragapult,887,30,500,True
zacian,888,28,1100,True
zamazenta,889,29,2100,True
eternatus,890,200,9500,True
kubfu,891,6,120,True
urshifu-single-strike,892,19,1050,True
zarude,893,18,700,True
regieleki,894,12,1450,True
regidrago,895,21,2000,True
glastrier,896,22,8000,True
spectrier,897,20,445,True
calyrex,898,11,77,True
wyrdeer,899,18,951,True
kleavor,900,18,890,True
ursaluna,901,24,2900,True
basculegion-male,902,30,1100,True
sneasler,903,13,430,True
overqwil,904,25,605,True
enamorus-incarnate,905,16,480,True
sprigatito,906,4,41,True
floragato,907,9,122,True
meowscarada,908,15,312,True
fuecoco,909,4,98,True
crocalor,910,10,307,True
skeledirge,911,16,3265,True
quaxly,912,5,61,True
quaxwell,913,12,215,True
quaquaval,914,18,619,True
lechonk,915,5,102,True
oinkologne,916,10,1200,True
tarountula,917,3,40,True
spidops,918,10,165,True
nymble,919,2,10,True
lokix,920,10,175,True
pawmi,921,3,25,True
pawmo,922,4,65,True
pawmot,923,9,410,True
tandemaus,924,3,18,True
maushold,925,3,23,True
fidough,926,3,109,True
dachsbun,927,5,149,True
smoliv,928,3,65,True
dolliv,929,6,119,True
arboliva,930,14,482,True
squawkabilly,931,6,24,True
nacli,932,4,160,True
naclstack,933,6,1050,True
garganacl,934,23,2400,True
charcadet,935,6,105,True
armarouge,936,15,850,True
ceruledge,937,16,620,True
tadbulb,938,3,4,True
bellibolt,939,12,1130,True
wattrel,940,4,36,True
kilowattrel,941,14,386,True
maschiff,942,5,160,True
mabosstiff,943,11,610,True
shroodle,944,2,7,True
grafaiai,945,7,272,True
bramblin,946,6,6,True
brambleghast,947,12,60,True
toedscool,948,9,330,True
toedscruel,949,19,580,True
klawf,950,13,790,True
capsakid,951,3,30,True
scovillain,952,9,150,True
rellor,953,2,10,True
rabsca,954,3,35,True
flittle,955,2,15,True
espathra,956,19,900,True
tinkatink,957,4,89,True
tinkatuff,958,7,591,True
tinkaton,959,7,1128,True
wiglett,960,12,18,True
wugtrio,961,12,54,True
bombirdier,962,15,429,True
finizen,963,13,602,True
palafin,964,13,602,True
varoom,965,10,350,True
revavroom,966,18,1200,True
cyclizar,967,16,630,True
orthworm,968,25,3100,True
glimmet,969,7,80,True
glimmora,970,15,450,True
greavard,971,6,350,True
houndstone,972,20,150,True
flamigo,973,16,370,True
cetoddle,974,12,450,True
cetitan,975,45,7000,True
veluza,976,25,900,True
dondozo,977,120,2200,True
tatsugiri,978,3,80,True
annihilape,979,12,560,True
clodsire,980,18,2230,True
magnemite,81,3,60,True
magneton,82,10,600,True
farfetchd,83,8,150,True
doduo,84,14,392,True
dodrio,85,18,852,True
seel,86,11,900,True
dewgong,87,17,1200,True
grimer,88,9,300,True
muk,89,12,300,True
shellder,90,3,40,True
cloyster,91,15,1325,True
gastly,92,13,1,True
haunter,93,16,1,True
gengar,94,15,405,True
onix,95,88,2100,True
drowzee,96,10,324,True
hypno,97,16,756,True
krabby,98,4,65,True
kingler,99,13,600,True
voltorb,100,5,104,True
farigiraf,981,32,1600,True
dudunsparce,982,36,392,True
kingambit,983,20,1200,True
great-tusk,984,22,3200,True
scream-tail,985,12,80,True
brute-bonnet,986,12,210,True
flutter-mane,987,14,40,True
slither-wing,988,32,920,True
sandy-shocks,989,23,600,True
iron-treads,990,9,2400,True
iron-bundle,991,6,110,True
iron-hands,992,18,3807,True
iron-jugulis,993,13,1110,True
iron-moth,994,12,360,True
iron-thorns,995,16,3030,True
frigibax,996,5,170,True
arctibax,997,8,300,True
baxcalibur,998,21,2100,True
gimmighoul,999,3,50,True
gholdengo,1000,12,300,True
wo-chien,1001,15,742,True
chien-pao,1002,19,1522,True
ting-lu,1003,27,6997,True
chi-yu,1004,4,49,True
roaring-moon,1005,20,3800,True
iron-valiant,1006,14,350,True
koraidon,1007,25,3030,True
miraidon,1008,35,2400,True
walking-wake,1009,35,2800,True
iron-leaves,1010,15,1250,True
dipplin,1011,4,97,True
poltchageist,1012,1,11,True
sinistcha,1013,2,22,True
okidogi,1014,18,922,True
munkidori,1015,10,122,True
fezandipiti,1016,14,301,True
ogerpon,1017,12,398,True
archaludon,1018,20,600,True
hydrapple,1019,18,930,True
gouging-fire,1020,35,5900,True
raging-bolt,1021,52,4800,True
iron-boulder,1022,15,1625,True
iron-crown,1023,16,1560,True
terapagos,1024,2,65,True
pecharunt,1025,3,3,True
deoxys-attack,10001,17,608,False
deoxys-defense,10002,17,608,False
deoxys-speed,10003,17,608,False
wormadam-sandy,10004,5,65,False
wormadam-trash,10005,5,65,False
shaymin-sky,10006,4,52,False
giratina-origin,10007,69,6500,False
rotom-heat,10008,3,3,False
rotom-wash,10009,3,3,False
rotom-frost,10010,3,3,False
rotom-fan,10011,3,3,False
rotom-mow,10012,3,3,False
castform-sunny,10013,3,8,False
castform-rainy,10014,3,8,False
castform-snowy,10015,3,8,False
basculin-blue-striped,10016,10,180,False
darmanitan-zen,10017,13,929,False
meloetta-pirouette,10018,6,65,False
tornadus-therian,10019,14,630,False
thundurus-therian,10020,30,610,False
landorus-therian,10021,13,680,False
kyurem-black,10022,33,3250,False
kyurem-white,10023,36,3250,False
keldeo-resolute,10024,14,485,False
meowstic-female,10025,6,85,False
aegislash-blade,10026,17,530,False
pumpkaboo-small,10027,3,35,False
pumpkaboo-large,10028,5,75,False
pumpkaboo-super,10029,8,150,False
gourgeist-small,10030,7,95,False
gourgeist-large,10031,11,140,False
gourgeist-super,10032,17,390,False
venusaur-mega,10033,24,1555,False
charizard-mega-x,10034,17,1105,False
charizard-mega-y,10035,17,1005,False
blastoise-mega,10036,16,1011,False
alakazam-mega,10037,12,480,False
gengar-mega,10038,14,405,False
kangaskhan-mega,10039,22,1000,False
pinsir-mega,10040,17,590,False
gyarados-mega,10041,65,3050,False
aerodactyl-mega,10042,21,790,False
mewtwo-mega-x,10043,23,1270,False
mewtwo-mega-y,10044,15,330,False
ampharos-mega,10045,14,615,False
scizor-mega,10046,20,1250,False
heracross-mega,10047,17,625,False
houndoom-mega,10048,19,495,False
tyranitar-mega,10049,25,2550,False
blaziken-mega,10050,19,520,False
gardevoir-mega,10051,16,484,False
mawile-mega,10052,10,235,False
aggron-mega,10053,22,3950,False
medicham-mega,10054,13,315,False
manectric-mega,10055,18,440,False
banette-mega,10056,12,130,False
absol-mega,10057,12,490,False
garchomp-mega,10058,19,950,False
lucario-mega,10059,13,575,False
abomasnow-mega,10060,27,1850,False
floette-eternal,10061,2,9,False
latias-mega,10062,18,520,False
latios-mega,10063,23,700,False
swampert-mega,10064,19,1020,False
sceptile-mega,10065,19,552,False
sableye-mega,10066,5,1610,False
altaria-mega,10067,15,206,False
gallade-mega,10068,16,564,False
audino-mega,10069,15,320,False
sharpedo-mega,10070,25,1303,False
slowbro-mega,10071,20,1200,False
steelix-mega,10072,105,7400,False
pidgeot-mega,10073,22,505,False
glalie-mega,10074,21,3502,False
diancie-mega,10075,11,278,False
metagross-mega,10076,25,9429,False
kyogre-primal,10077,98,4300,False
groudon-primal,10078,50,9997,False
rayquaza-mega,10079,108,3920,False
pikachu-rock-star,10080,4,60,False
pikachu-belle,10081,4,60,False
pikachu-pop-star,10082,4,60,False
pikachu-phd,10083,4,60,False
pikachu-libre,10084,4,60,False
pikachu-cosplay,10085,4,60,False
hoopa-unbound,10086,65,4900,False
camerupt-mega,10087,25,3205,False
lopunny-mega,10088,13,283,False
salamence-mega,10089,18,1126,False
beedrill-mega,10090,14,405,False
rattata-alola,10091,3,38,False
raticate-alola,10092,7,255,False
raticate-totem-alola,10093,14,1050,False
pikachu-original-cap,10094,4,60,False
pikachu-hoenn-cap,10095,4,60,False
pikachu-sinnoh-cap,10096,4,60,False
pikachu-unova-cap,10097,4,60,False
pikachu-kalos-cap,10098,4,60,False
pikachu-alola-cap,10099,4,60,False
raichu-alola,10100,7,210,False
sandshrew-alola,10101,7,400,False
sandslash-alola,10102,12,550,False
vulpix-alola,10103,6,99,False
ninetales-alola,10104,11,199,False
diglett-alola,10105,2,10,False
dugtrio-alola,10106,7,666,False
meowth-alola,10107,4,42,False
persian-alola,10108,11,330,False
geodude-alola,10109,4,203,False
graveler-alola,10110,10,1100,False
golem-alola,10111,17,3160,False
grimer-alola,10112,7,420,False
muk-alola,10113,10,520,False
exeggutor-alola,10114,109,4156,False
marowak-alola,10115,10,340,False
greninja-battle-bond,10116,15,400,False
greninja-ash,10117,15,400,False
zygarde-10-power-construct,10118,12,335,False
zygarde-50-power-construct,10119,50,3050,False
zygarde-complete,10120,45,6100,False
gumshoos-totem,10121,14,600,False
vikavolt-totem,10122,26,1475,False
oricorio-pom-pom,10123,6,34,False
oricorio-pau,10124,6,34,False
oricorio-sensu,10125,6,34,False
lycanroc-midnight,10126,11,250,False
wishiwashi-school,10127,82,786,False
lurantis-totem,10128,15,580,False
salazzle-totem,10129,21,810,False
minior-orange-meteor,10130,3,400,False
minior-yellow-meteor,10131,3,400,False
minior-green-meteor,10132,3,400,False
minior-blue-meteor,10133,3,400,False
minior-indigo-meteor,10134,3,400,False
minior-violet-meteor,10135,3,400,False
minior-red,10136,3,3,False
minior-orange,10137,3,3,False
minior-yellow,10138,3,3,False
minior-green,10139,3,3,False
minior-blue,10140,3,3,False
minior-indigo,10141,3,3,False
minior-violet,10142,3,3,False
mimikyu-busted,10143,2,7,False
mimikyu-totem-disguised,10144,4,28,False
mimikyu-totem-busted,10145,4,28,False
kommo-o-totem,10146,24,2075,False
magearna-original,10147,10,805,False
pikachu-partner-cap,10148,4,60,False
marowak-totem,10149,17,980,False
ribombee-totem,10150,4,20,False
rockruff-own-tempo,10151,5,92,False
lycanroc-dusk,10152,8,250,False
araquanid-totem,10153,31,2175,False
togedemaru-totem,10154,6,130,False
necrozma-dusk,10155,38,4600,False
electrode,101,12,666,True
exeggcute,102,4,25,True
exeggutor,103,20,1200,True
cubone,104,4,65,True
marowak,105,10,450,True
hitmonlee,106,15,498,True
hitmonchan,107,14,502,True
lickitung,108,12,655,True
koffing,109,6,10,True
weezing,110,12,95,True
rhyhorn,111,10,1150,True
rhydon,112,19,1200,True
chansey,113,11,346,True
tangela,114,10,350,True
kangaskhan,115,22,800,True
horsea,116,4,80,True
seadra,117,12,250,True
goldeen,118,6,150,True
seaking,119,13,390,True
staryu,120,8,345,True
necrozma-dawn,10156,42,3500,False
necrozma-ultra,10157,75,2300,False
pikachu-starter,10158,4,60,False
eevee-starter,10159,3,65,False
pikachu-world-cap,10160,4,60,False
meowth-galar,10161,4,75,False
ponyta-galar,10162,8,240,False
rapidash-galar,10163,17,800,False
slowpoke-galar,10164,12,360,False
slowbro-galar,10165,16,705,False
farfetchd-galar,10166,8,420,False
weezing-galar,10167,30,160,False
mr-mime-galar,10168,14,568,False
articuno-galar,10169,17,509,False
zapdos-galar,10170,16,582,False
moltres-galar,10171,20,660,False
slowking-galar,10172,18,795,False
corsola-galar,10173,6,5,False
zigzagoon-galar,10174,4,175,False
linoone-galar,10175,5,325,False
darumaka-galar,10176,7,400,False
darmanitan-galar-standard,10177,17,1200,False
darmanitan-galar-zen,10178,17,1200,False
yamask-galar,10179,5,15,False
stunfisk-galar,10180,7,205,False
zygarde-10,10181,12,335,False
cramorant-gulping,10182,8,180,False
cramorant-gorging,10183,8,180,False
toxtricity-low-key,10184,16,400,False
eiscue-noice,10185,14,890,False
indeedee-female,10186,9,280,False
morpeko-hangry,10187,3,30,False
zacian-crowned,10188,28,3550,False
zamazenta-crowned,10189,29,7850,False
eternatus-eternamax,10190,1000,0,False
urshifu-rapid-strike,10191,19,1050,False
zarude-dada,10192,18,700,False
calyrex-ice,10193,24,8091,False
calyrex-shadow,10194,24,536,False
venusaur-gmax,10195,240,10000,False
charizard-gmax,10196,280,10000,False
blastoise-gmax,10197,250,10000,False
butterfree-gmax,10198,170,10000,False
pikachu-gmax,10199,210,10000,False
meowth-gmax,10200,330,10000,False
machamp-gmax,10201,250,10000,False
gengar-gmax,10202,200,10000,False
kingler-gmax,10203,190,10000,False
lapras-gmax,10204,240,10000,False
eevee-gmax,10205,180,10000,False
snorlax-gmax,10206,350,10000,False
garbodor-gmax,10207,210,10000,False
melmetal-gmax,10208,250,10000,False
rillaboom-gmax,10209,280,10000,False
cinderace-gmax,10210,270,10000,False
inteleon-gmax,10211,400,10000,False
corviknight-gmax,10212,140,10000,False
orbeetle-gmax,10213,140,10000,False
drednaw-gmax,10214,240,10000,False
coalossal-gmax,10215,420,10000,False
flapple-gmax,10216,240,10000,False
appletun-gmax,10217,240,10000,False
sandaconda-gmax,10218,220,10000,False
toxtricity-amped-gmax,10219,240,10000,False
centiskorch-gmax,10220,750,10000,False
hatterene-gmax,10221,260,10000,False
grimmsnarl-gmax,10222,320,10000,False
alcremie-gmax,10223,300,10000,False
copperajah-gmax,10224,230,10000,False
duraludon-gmax,10225,430,10000,False
urshifu-single-strike-gmax,10226,290,10000,False
urshifu-rapid-strike-gmax,10227,260,10000,False
toxtricity-low-key-gmax,10228,240,10000,False
growlithe-hisui,10229,8,227,False
arcanine-hisui,10230,20,1680,False
voltorb-hisui,10231,5,130,False
electrode-hisui,10232,12,710,False
typhlosion-hisui,10233,16,698,False
qwilfish-hisui,10234,5,39,False
sneasel-hisui,10235,9,270,False
samurott-hisui,10236,15,582,False
lilligant-hisui,10237,12,192,False
zorua-hisui,10238,7,125,False
zoroark-hisui,10239,16,730,False
braviary-hisui,10240,17,434,False
sliggoo-hisui,10241,7,685,False
goodra-hisui,10242,17,3341,False
avalugg-hisui,10243,14,2624,False
decidueye-hisui,10244,16,370,False
dialga-origin,10245,70,8487,False
palkia-origin,10246,63,6590,False
basculin-white-striped,10247,10,180,False
basculegion-female,10248,30,1100,False
enamorus-therian,10249,16,480,False
tauros-paldea-combat-breed,10250,14,1150,False
tauros-paldea-blaze-breed,10251,14,850,False
tauros-paldea-aqua-breed,10252,14,1100,False
wooper-paldea,10253,4,110,False
oinkologne-female,10254,10,1200,False
dudunsparce-three-segment,10255,45,474,False
palafin-hero,10256,18,974,False
maushold-family-of-three,10257,3,28,False
tatsugiri-droopy,10258,3,80,False
tatsugiri-stretchy,10259,3,80,False
squawkabilly-blue-plumage,10260,6,24,False
squawkabilly-yellow-plumage,10261,6,24,False
squawkabilly-white-plumage,10262,6,24,False
gimmighoul-roaming,10263,1,10,False
koraidon-limited-build,10264,35,3030,False
koraidon-sprinting-build,10265,35,3030,False
koraidon-swimming-build,10266,35,3030,False
koraidon-gliding-build,10267,35,3030,False
miraidon-low-power-mode,10268,28,2400,False
miraidon-drive-mode,10269,28,2400,False
miraidon-aquatic-mode,10270,28,2400,False
miraidon-glide-mode,10271,28,2400,False
ursaluna-bloodmoon,10272,24,2900,False
ogerpon-wellspring-mask,10273,12,398,False
ogerpon-hearthflame-mask,10274,12,398,False
ogerpon-cornerstone-mask,10275,12,398,False
terapagos-terastal,10276,3,160,False
terapagos-stellar,10277,17,770,False
starmie,121,11,800,True
mr-mime,122,13,545,True
scyther,123,15,560,True
jynx,124,14,406,True
electabuzz,125,11,300,True
magmar,126,13,445,True
pinsir,127,15,550,True
tauros,128,14,884,True
magikarp,129,9,100,True
gyarados,130,65,2350,True
lapras,131,25,2200,True
ditto,132,3,40,True
eevee,133,3,65,True
vaporeon,134,10,290,True
jolteon,135,8,245,True
flareon,136,9,250,True
porygon,137,8,365,True
omanyte,138,4,75,True
omastar,139,10,350,True
kabuto,140,5,115,True
kabutops,141,13,405,True
aerodactyl,142,18,590,True
snorlax,143,21,4600,True
articuno,144,17,554,True
zapdos,145,16,526,True
moltres,146,20,600,True
dratini,147,18,33,True
dragonair,148,40,165,True
dragonite,149,22,2100,True
mewtwo,150,20,1220,True
mew,151,4,40,True
chikorita,152,9,64,True
bayleef,153,12,158,True
meganium,154,18,1005,True
cyndaquil,155,5,79,True
quilava,156,9,190,True
typhlosion,157,17,795,True
totodile,158,6,95,True
croconaw,159,11,250,True
feraligatr,160,23,888,True
sentret,161,8,60,True
furret,162,18,325,True
hoothoot,163,7,212,True
noctowl,164,16,408,True
ledyba,165,10,108,True
ledian,166,14,356,True
spinarak,167,5,85,True
ariados,168,11,335,True
crobat,169,18,750,True
chinchou,170,5,120,True
lanturn,171,12,225,True
pichu,172,3,20,True
cleffa,173,3,30,True
igglybuff,174,3,10,True
togepi,175,3,15,True
togetic,176,6,32,True
natu,177,2,20,True
xatu,178,15,150,True
mareep,179,6,78,True
flaaffy,180,8,133,True
